month_jobs,week_jobs,day_jobs,list
  47550,  19214,4696,cloudEngineer
  1402,  659,95,mlopsEngineer
  16363,  7201,1914,https://www.linkedin.com/jobs/search?keywords=platform%20Engineer&location=United%20States
  2452,  918,226,https://www.linkedin.com/jobs/search?keywords=Devsecops%20Engineer&location=United%20States
  50513,  21576,5414,https://www.linkedin.com/jobs/search?keywords=security%20Engineer&location=United%20States
  3242,  1199,314,https://www.linkedin.com/jobs/search?keywords=QA%20Engineer&location=United%20States
  63061,  27365,6485,https://www.linkedin.com/jobs/search?keywords=Data%20Engineer&location=United%20States
  635,  329,114,https://www.linkedin.com/jobs/search?keywords=fullstack%20Engineer&location=United%20States
  47561,  20585,3535,https://www.linkedin.com/jobs/search?keywords=cloud%20Engineer&location=United%20States
  53810,  22522,3494,https://www.linkedin.com/jobs/search?keywords=security%20Engineer&location=United%20States
  2411,  1264,257,https://www.linkedin.com/jobs/search?keywords=python%20devloper&location=United%20States
  6301,  2843,570,https://www.linkedin.com/jobs/search?keywords=java%20Engineer&location=United%20States
  1844,  742,104,https://www.linkedin.com/jobs/search?keywords=python%20Engineer&location=United%20States
  17339,  8135,736,https://www.linkedin.com/jobs/search?keywords=platform%20Engineer&location=United%20States
  2139,  731,112,https://www.linkedin.com/jobs/search?keywords=Devsecops%20Engineer&location=United%20States
